-- MySQL Script generated by MySQL Workbench
-- Sun Dec  3 10:32:25 2023
-- Model: New Model    Version: 1.0
-- MySQL Workbench Forward Engineering

SET @OLD_UNIQUE_CHECKS=@@UNIQUE_CHECKS, UNIQUE_CHECKS=0;
SET @OLD_FOREIGN_KEY_CHECKS=@@FOREIGN_KEY_CHECKS, FOREIGN_KEY_CHECKS=0;
SET @OLD_SQL_MODE=@@SQL_MODE, SQL_MODE='ONLY_FULL_GROUP_BY,STRICT_TRANS_TABLES,NO_ZERO_IN_DATE,NO_ZERO_DATE,ERROR_FOR_DIVISION_BY_ZERO,NO_ENGINE_SUBSTITUTION';

-- -----------------------------------------------------
-- Schema sgb_aq6027537
-- -----------------------------------------------------

-- -----------------------------------------------------
-- Schema sgb_aq6027537
-- -----------------------------------------------------
CREATE SCHEMA IF NOT EXISTS `sgb_aq6027537` DEFAULT CHARACTER SET utf8 ;
USE `sgb_aq6027537` ;

-- -----------------------------------------------------
-- Table `sgb_aq6027537`.`livro`
-- -----------------------------------------------------
CREATE TABLE IF NOT EXISTS `sgb_aq6027537`.`livro` (
  `codigo_livro` INT NOT NULL,
  `codigo_ISBN` VARCHAR(14) NULL,
  `titulo` VARCHAR(80) NULL,
  `autor` VARCHAR(50) NULL,
  `editora` VARCHAR(50) NULL,
  `qtd_paginas` VARCHAR(5) NULL,
  PRIMARY KEY (`codigo_livro`))
ENGINE = InnoDB;


-- -----------------------------------------------------
-- Table `sgb_aq6027537`.`exemplar`
-- -----------------------------------------------------
CREATE TABLE IF NOT EXISTS `sgb_aq6027537`.`exemplar` (
  `codigo_exemplar` INT NOT NULL,
  `qtd_copias` INT NULL,
  `codigo_livro` INT NOT NULL,
  PRIMARY KEY (`codigo_exemplar`),
  INDEX `fk_exemplar_livro1_idx` (`codigo_livro` ASC) VISIBLE,
  CONSTRAINT `fk_exemplar_livro1`
    FOREIGN KEY (`codigo_livro`)
    REFERENCES `sgb_aq6027537`.`livro` (`codigo_livro`)
    ON DELETE NO ACTION
    ON UPDATE NO ACTION)
ENGINE = InnoDB;


-- -----------------------------------------------------
-- Table `sgb_aq6027537`.`tipo_usuario`
-- -----------------------------------------------------
CREATE TABLE IF NOT EXISTS `sgb_aq6027537`.`tipo_usuario` (
  `codigo_tipo_usuario` INT NOT NULL,
  `nome` VARCHAR(50) NULL,
  `administrativo` VARCHAR(1) NULL,
  `atendimento` VARCHAR(1) NULL,
  PRIMARY KEY (`codigo_tipo_usuario`))
ENGINE = InnoDB;


-- -----------------------------------------------------
-- Table `sgb_aq6027537`.`usuario`
-- -----------------------------------------------------
CREATE TABLE IF NOT EXISTS `sgb_aq6027537`.`usuario` (
  `codigo_usuario` INT NOT NULL,
  `nome_completo` VARCHAR(50) NOT NULL,
  `data_nascimento` DATE NULL,
  `cpf` VARCHAR(14) NULL,
  `rg` VARCHAR(12) NULL,
  `orgao_emissor` VARCHAR(6) NULL,
  `cidade` VARCHAR(50) NULL,
  `estado` VARCHAR(2) NULL,
  `telefone` VARCHAR(15) NULL,
  `email` VARCHAR(80) NULL,
  `senha_acesso` VARCHAR(64) NOT NULL,
  `codigo_tipo_usuario` INT NOT NULL,
  PRIMARY KEY (`codigo_usuario`),
  INDEX `fk_usuario_tipo_usuario1_idx` (`codigo_tipo_usuario` ASC) VISIBLE,
  CONSTRAINT `fk_usuario_tipo_usuario1`
    FOREIGN KEY (`codigo_tipo_usuario`)
    REFERENCES `sgb_aq6027537`.`tipo_usuario` (`codigo_tipo_usuario`)
    ON DELETE NO ACTION
    ON UPDATE NO ACTION)
ENGINE = InnoDB;


-- -----------------------------------------------------
-- Table `sgb_aq6027537`.`pessoa`
-- -----------------------------------------------------
CREATE TABLE IF NOT EXISTS `sgb_aq6027537`.`pessoa` (
  `codigo_pessoa` INT NOT NULL,
  `nome_completo` VARCHAR(50) NOT NULL,
  `data_nascimento` DATE NULL,
  `cpf` VARCHAR(14) NULL,
  `rg` VARCHAR(12) NULL,
  `orgao_emissor` VARCHAR(6) NULL,
  `cidade` VARCHAR(50) NULL,
  `estado` VARCHAR(2) NULL,
  `telefone` VARCHAR(15) NULL,
  `email` VARCHAR(50) NULL,
  PRIMARY KEY (`codigo_pessoa`))
ENGINE = InnoDB;


-- -----------------------------------------------------
-- Table `sgb_aq6027537`.`emprestimo`
-- -----------------------------------------------------
CREATE TABLE IF NOT EXISTS `sgb_aq6027537`.`emprestimo` (
  `codigo_emprestimo` INT NOT NULL,
  `data_emprestimo` DATE NOT NULL,
  `data_devolucao` DATE NOT NULL,
  `multa` DOUBLE NULL,
  `codigo_usuario` INT NOT NULL,
  `codigo_exemplar` INT NOT NULL,
  `codigo_pessoa` INT NOT NULL,
  PRIMARY KEY (`codigo_emprestimo`),
  INDEX `fk_emprestimo_usuario1_idx` (`codigo_usuario` ASC) VISIBLE,
  INDEX `fk_emprestimo_exemplar1_idx` (`codigo_exemplar` ASC) VISIBLE,
  INDEX `fk_emprestimo_pessoa1_idx` (`codigo_pessoa` ASC) VISIBLE,
  CONSTRAINT `fk_emprestimo_usuario1`
    FOREIGN KEY (`codigo_usuario`)
    REFERENCES `sgb_aq6027537`.`usuario` (`codigo_usuario`)
    ON DELETE NO ACTION
    ON UPDATE NO ACTION,
  CONSTRAINT `fk_emprestimo_exemplar1`
    FOREIGN KEY (`codigo_exemplar`)
    REFERENCES `sgb_aq6027537`.`exemplar` (`codigo_exemplar`)
    ON DELETE NO ACTION
    ON UPDATE NO ACTION,
  CONSTRAINT `fk_emprestimo_pessoa1`
    FOREIGN KEY (`codigo_pessoa`)
    REFERENCES `sgb_aq6027537`.`pessoa` (`codigo_pessoa`)
    ON DELETE NO ACTION
    ON UPDATE NO ACTION)
ENGINE = InnoDB;


SET SQL_MODE=@OLD_SQL_MODE;
SET FOREIGN_KEY_CHECKS=@OLD_FOREIGN_KEY_CHECKS;
SET UNIQUE_CHECKS=@OLD_UNIQUE_CHECKS;

-- -----------------------------------------------------
-- Data for table `sgb_aq6027537`.`livro`
-- -----------------------------------------------------
START TRANSACTION;
USE `sgb_aq6027537`;
INSERT INTO `sgb_aq6027537`.`livro` (`codigo_livro`, `codigo_ISBN`, `titulo`, `autor`, `editora`, `qtd_paginas`) VALUES (1, '978-8556510761', 'Fogo & Sangue', 'George R. R. Martin', 'Suma', '664');
INSERT INTO `sgb_aq6027537`.`livro` (`codigo_livro`, `codigo_ISBN`, `titulo`, `autor`, `editora`, `qtd_paginas`) VALUES (2, '978-8584840205', 'O peregrino', 'John Bunyan', 'Jardim dos Livros', '224');
INSERT INTO `sgb_aq6027537`.`livro` (`codigo_livro`, `codigo_ISBN`, `titulo`, `autor`, `editora`, `qtd_paginas`) VALUES (3, '978-8545202219', 'O poder da autorresponsabilidade', 'Paulo Vieira', 'Gente', '160');
INSERT INTO `sgb_aq6027537`.`livro` (`codigo_livro`, `codigo_ISBN`, `titulo`, `autor`, `editora`, `qtd_paginas`) VALUES (4, '978-8568014547', 'Quem pensa enriquece', 'Napoleon Hill', 'Citadel', '368');
INSERT INTO `sgb_aq6027537`.`livro` (`codigo_livro`, `codigo_ISBN`, `titulo`, `autor`, `editora`, `qtd_paginas`) VALUES (5, '978-8573255348', 'Temperamentos transformados', 'Joversi Xavier Ferreira Junior', 'Mundo Cristão', '192');

COMMIT;


-- -----------------------------------------------------
-- Data for table `sgb_aq6027537`.`exemplar`
-- -----------------------------------------------------
START TRANSACTION;
USE `sgb_aq6027537`;
INSERT INTO `sgb_aq6027537`.`exemplar` (`codigo_exemplar`, `qtd_copias`, `codigo_livro`) VALUES (1, 20, 2);
INSERT INTO `sgb_aq6027537`.`exemplar` (`codigo_exemplar`, `qtd_copias`, `codigo_livro`) VALUES (2, 10, 3);
INSERT INTO `sgb_aq6027537`.`exemplar` (`codigo_exemplar`, `qtd_copias`, `codigo_livro`) VALUES (3, 15, 4);
INSERT INTO `sgb_aq6027537`.`exemplar` (`codigo_exemplar`, `qtd_copias`, `codigo_livro`) VALUES (4, 5, 1);
INSERT INTO `sgb_aq6027537`.`exemplar` (`codigo_exemplar`, `qtd_copias`, `codigo_livro`) VALUES (5, 40, 5);

COMMIT;


-- -----------------------------------------------------
-- Data for table `sgb_aq6027537`.`tipo_usuario`
-- -----------------------------------------------------
START TRANSACTION;
USE `sgb_aq6027537`;
INSERT INTO `sgb_aq6027537`.`tipo_usuario` (`codigo_tipo_usuario`, `nome`, `administrativo`, `atendimento`) VALUES (1, 'Adm', 'S', 'S');
INSERT INTO `sgb_aq6027537`.`tipo_usuario` (`codigo_tipo_usuario`, `nome`, `administrativo`, `atendimento`) VALUES (2, 'Bibliotecario', 'N', 'S');
INSERT INTO `sgb_aq6027537`.`tipo_usuario` (`codigo_tipo_usuario`, `nome`, `administrativo`, `atendimento`) VALUES (3, 'Cliente', 'N', 'N');

COMMIT;


-- -----------------------------------------------------
-- Data for table `sgb_aq6027537`.`usuario`
-- -----------------------------------------------------
START TRANSACTION;
USE `sgb_aq6027537`;
INSERT INTO `sgb_aq6027537`.`usuario` (`codigo_usuario`, `nome_completo`, `data_nascimento`, `cpf`, `rg`, `orgao_emissor`, `cidade`, `estado`, `telefone`, `email`, `senha_acesso`, `codigo_tipo_usuario`) VALUES (1, 'Enzo Heitor Peixoto', '1993-10-01', '201.113.693-80', '24.113.057-8', 'SSP-RN', 'Natal', 'RN', '(84) 2830-0972', 'enzo-peixoto99@gmail.com', 'f6ff5adab5180a3d10ffb611f2caddd0a2b0922bde398ad186e946480bec3943', 1);
INSERT INTO `sgb_aq6027537`.`usuario` (`codigo_usuario`, `nome_completo`, `data_nascimento`, `cpf`, `rg`, `orgao_emissor`, `cidade`, `estado`, `telefone`, `email`, `senha_acesso`, `codigo_tipo_usuario`) VALUES (2, 'Tereza Elza Nogueira', '1994-06-21', '610.182.764-08', '45.282.966-5', 'SSP-RO', 'Porto Velho', 'RO', '(69) 98390-8910', 'tereza_elza_nogueira@gmail.com.br', '307fd56085a6ed891cfb2c38276d7853b122968754378f1153e0127f3a764a0f', 2);
INSERT INTO `sgb_aq6027537`.`usuario` (`codigo_usuario`, `nome_completo`, `data_nascimento`, `cpf`, `rg`, `orgao_emissor`, `cidade`, `estado`, `telefone`, `email`, `senha_acesso`, `codigo_tipo_usuario`) VALUES (3, 'Débora Luna Viana', '1992-05-05', '773.948.952-20', '33.627.698-9', 'SSP-MS', 'Campo Grande', 'MS', '(67) 3763-7604', 'debora.luna.viana@gmail.com.br', 'c973b83261cfc9e5ca46e4017729394d6ef61141a3ba816aa7a601f18909595b', 3);
INSERT INTO `sgb_aq6027537`.`usuario` (`codigo_usuario`, `nome_completo`, `data_nascimento`, `cpf`, `rg`, `orgao_emissor`, `cidade`, `estado`, `telefone`, `email`, `senha_acesso`, `codigo_tipo_usuario`) VALUES (4, 'Cecília Raimunda Cecília da Mota', '1995-05-04', '286.998.580-00', '37.855.047-0', 'SSP-RJ', 'Maricá', 'RJ', '(21) 98543-2278', 'cecilia_damota@gmail.com', '8e2ceecbcb5c7a306792a3104b9b249f16e36d70da1ed02c7ba948690a0819b3', 2);
INSERT INTO `sgb_aq6027537`.`usuario` (`codigo_usuario`, `nome_completo`, `data_nascimento`, `cpf`, `rg`, `orgao_emissor`, `cidade`, `estado`, `telefone`, `email`, `senha_acesso`, `codigo_tipo_usuario`) VALUES (5, 'Joaquim Cauê Benedito Assunção', '1991-06-07', '401.865.428-60', '18.814.901-6', 'SSP-PE', 'Abreu e Lima', 'PE', '(81) 99335-3520', 'joaquim_caue_assuncao@engenharia.ufjf.br', '5994471abb01112afcc18159f6cc74b4f511b99806da59b3caf5a9c173cacfc5', 3);

COMMIT;


-- -----------------------------------------------------
-- Data for table `sgb_aq6027537`.`pessoa`
-- -----------------------------------------------------
START TRANSACTION;
USE `sgb_aq6027537`;
INSERT INTO `sgb_aq6027537`.`pessoa` (`codigo_pessoa`, `nome_completo`, `data_nascimento`, `cpf`, `rg`, `orgao_emissor`, `cidade`, `estado`, `telefone`, `email`) VALUES (1, 'Tânia Bruna Francisca Ribeiro', '2005-04-20', '668.620.740-32', '41.446.179-4', 'SSP-TO', 'Palmas', 'TO', '(63) 3747-6648', 'tania.bruna.ribeiro@gmail.com');
INSERT INTO `sgb_aq6027537`.`pessoa` (`codigo_pessoa`, `nome_completo`, `data_nascimento`, `cpf`, `rg`, `orgao_emissor`, `cidade`, `estado`, `telefone`, `email`) VALUES (2, 'Marcela Ester Maya Aparício', '1977-04-12', '856.087.502-68', '23.235.927-1', 'SSP-MT', 'Várzea Grande', 'MT', '(65) 3829-2670', 'marcela_ester_aparicio@gmail.com.br');
INSERT INTO `sgb_aq6027537`.`pessoa` (`codigo_pessoa`, `nome_completo`, `data_nascimento`, `cpf`, `rg`, `orgao_emissor`, `cidade`, `estado`, `telefone`, `email`) VALUES (3, 'Antônia Priscila Almeida', '1976-10-23', '288.010.125-51', '23.960.728-4', 'SSP-PE', 'Recife', 'PE', '(81) 98207-2496', 'antonia_priscila_almeida@gmail.com.br');
INSERT INTO `sgb_aq6027537`.`pessoa` (`codigo_pessoa`, `nome_completo`, `data_nascimento`, `cpf`, `rg`, `orgao_emissor`, `cidade`, `estado`, `telefone`, `email`) VALUES (4, 'Fábio Benedito da Paz', '1962-02-24', '472.740.464-89', '29.634.587-8', 'SSP-DF', 'Brasília', 'DF', '(61) 99181-9852', 'fabio_dapaz@gmail.net');
INSERT INTO `sgb_aq6027537`.`pessoa` (`codigo_pessoa`, `nome_completo`, `data_nascimento`, `cpf`, `rg`, `orgao_emissor`, `cidade`, `estado`, `telefone`, `email`) VALUES (5, 'Oliver Rafael Corte Real', '1946-02-24', '104.111.190-87', '10.055.892-6', 'SSP-BA', 'Vitória da Conquista', 'BA', '(77) 3842-7507', 'oliverrafaelcortereal@gmail.com');

COMMIT;


-- -----------------------------------------------------
-- Data for table `sgb_aq6027537`.`emprestimo`
-- -----------------------------------------------------
START TRANSACTION;
USE `sgb_aq6027537`;
INSERT INTO `sgb_aq6027537`.`emprestimo` (`codigo_emprestimo`, `data_emprestimo`, `data_devolucao`, `multa`, `codigo_usuario`, `codigo_exemplar`, `codigo_pessoa`) VALUES (1, '2023-10-22', '2023-11-08', 10.00, 2, 3, 4);
INSERT INTO `sgb_aq6027537`.`emprestimo` (`codigo_emprestimo`, `data_emprestimo`, `data_devolucao`, `multa`, `codigo_usuario`, `codigo_exemplar`, `codigo_pessoa`) VALUES (2, '2023-11-02', '2023-11-09', NULL, 3, 4, 5);
INSERT INTO `sgb_aq6027537`.`emprestimo` (`codigo_emprestimo`, `data_emprestimo`, `data_devolucao`, `multa`, `codigo_usuario`, `codigo_exemplar`, `codigo_pessoa`) VALUES (3, '2023-11-03', '2023-11-10', NULL, 4, 5, 1);
INSERT INTO `sgb_aq6027537`.`emprestimo` (`codigo_emprestimo`, `data_emprestimo`, `data_devolucao`, `multa`, `codigo_usuario`, `codigo_exemplar`, `codigo_pessoa`) VALUES (4, '2023-10-04', '2023-11-11', 25.00, 5, 1, 2);
INSERT INTO `sgb_aq6027537`.`emprestimo` (`codigo_emprestimo`, `data_emprestimo`, `data_devolucao`, `multa`, `codigo_usuario`, `codigo_exemplar`, `codigo_pessoa`) VALUES (5, '2023-11-05', '2023-11-12', NULL, 1, 2, 3);

COMMIT;

